{
  "mappedPoints": [
    {
      "easting": 262331.242,
      "northing": 3567627.269
    },
    {
      "easting": 269292.86,
      "northing": 3574236.901
    },
    {
      "easting": 317622.965,
      "northing": 3618577.505
    },
    {
      "easting": 367339.616,
      "northing": 3632534.851
    }
  ],
  "flipSum": [
    "126.748874 km",
    "117.148874 km",
    "51.555113 km"
  ],
  "distance": "126.748874 km",
  "legsSum": [
    "9.600000 km",
    "75.193761 km",
    "126.748874 km"
  ],
  "legs": [
    "9.600000 km",
    "65.593761 km",
    "51.555113 km"
  ],
  "mappedZones": [
    {
      "lngZone": 14,
      "latZone": "S"
    }
  ]
}
