{
  "mappedPoints": [
    {
      "easting": 262331.234,
      "northing": 3567627.269
    },
    {
      "easting": 269287.908,
      "northing": 3574237.014
    },
    {
      "easting": 317622.997,
      "northing": 3618577.524
    },
    {
      "easting": 367339.616,
      "northing": 3632534.852
    }
  ],
  "flipSum": [
    "126.748939 km",
    "117.152430 km",
    "51.555077 km"
  ],
  "distance": "126.748939 km",
  "legsSum": [
    "9.596509 km",
    "75.193862 km",
    "126.748939 km"
  ],
  "legs": [
    "9.596509 km",
    "65.597353 km",
    "51.555077 km"
  ],
  "mappedZones": [
    {
      "lngZone": 14,
      "latZone": "S"
    }
  ]
}
