{
  "mappedPoints": [
    {
      "easting": 262308.63,
      "northing": 3567649.074
    },
    {
      "easting": 268727.606,
      "northing": 3574782.034
    },
    {
      "easting": 313150.356,
      "northing": 3622461.827
    },
    {
      "easting": 374638.642,
      "northing": 3722287.692
    }
  ],
  "flipSum": [
    "192.209966 km",
    "182.609966 km",
    "117.414458 km"
  ],
  "distance": "192.209966 km",
  "legsSum": [
    "9.600000 km",
    "74.795508 km",
    "192.209966 km"
  ],
  "legs": [
    "9.600000 km",
    "65.195508 km",
    "117.414458 km"
  ],
  "mappedZones": [
    {
      "lngZone": 14,
      "latZone": "S"
    }
  ]
}
