{
  "mappedPoints": [
    {
      "easting": 262308.622,
      "northing": 3567649.074
    },
    {
      "easting": 268722.715,
      "northing": 3574782.146
    },
    {
      "easting": 313151.556,
      "northing": 3622461.804
    },
    {
      "easting": 374638.637,
      "northing": 3722287.695
    }
  ],
  "flipSum": [
    "192.210227 km",
    "182.613394 km",
    "117.413852 km"
  ],
  "distance": "192.210227 km",
  "legsSum": [
    "9.596833 km",
    "74.796375 km",
    "192.210227 km"
  ],
  "legs": [
    "9.596833 km",
    "65.199542 km",
    "117.413852 km"
  ],
  "mappedZones": [
    {
      "lngZone": 14,
      "latZone": "S"
    }
  ]
}
